Categoria,Custo Mensal,Custo Anual,Score Necessidade,Custo Oportunidade 10 anos,Valor Futuro Perdido
Alimentação Fora,400,4800,3,7649.963808480012,12449.963808480012
Compras Impulsivas,350,4200,1,6693.7183324200105,10893.71833242001
Roupas/Acessórios,300,3600,2,5737.472856360007,9337.472856360007
Cigarro,250,3000,0,4781.227380300007,7781.227380300007
Bebidas Alcoólicas,200,2400,1,3824.981904240006,6224.981904240006
Uber/99 Desnecessário,180,2160,2,3442.4837138160046,5602.483713816005
Streaming/Assinaturas,150,1800,2,2868.7364281800037,4668.736428180004
Jogos/Apostas,100,1200,0,1912.490952120003,3112.490952120003
