Perfil,Renda Mensal,Taxa Poupança,Poupança Mensal,Patrimônio Futuro,Anos Aposentadoria,Independência Financeira,Eficiência Geral,Gastos Essenciais,Gastos Produtivos,Gastos Lifestyle
Minimalista,5000,40.0%,2000.0,9319659.354791362,258.8794265219823,Sim,6.982758620689655,2000,600,300
Classe Média Tradicional,5000,12.0%,600.0,2795897.8064374086,52.95260997040546,Sim,4.954545454545455,2900,800,700
Consumista,5000,-4.0%,-200.0,-88800.0,0.0,Não,3.6923076923076925,3250,850,1100
Investidor Jovem,6000,37.0%,2220.0,14039456.669641282,309.5118313412981,Sim,6.7125,2400,900,450
Família Equilibrada,10000,18.0%,1800.0,4068878.264632909,41.35038886822062,Sim,5.271341463414634,5000,1800,1400
